ID,L1_카테고리,국가,지역,연령대,질문,GADS,ARS,Opportunity,콘텐츠상태,콘텐츠타입후보,콘텐츠링크,최종업데이트일,담당자,비고
MM-0001,국가,베트남,다낭,,베트남 골프여행 요즘 갈만한가요?,69,12,57,미제작,블로그,,,,
MM-0002,국가,베트남,다낭,,베트남은 몇 월에 골프 치기 가장 좋아요?,71,26,45,미제작,블로그,,,,
MM-0003,국가,베트남,다낭,,베트남 골프여행 처음인데 초보 코스도 괜찮나요?,67,21,46,미제작,블로그,,,,
MM-0004,국가,베트남,다낭,,베트남 비자 없이 골프여행 갈 수 있나요?,72,0,72,미제작,블로그,,,,
MM-0005,국가,베트남,다낭,,베트남 골프여행 왕복 비행시간 얼마나 걸려요?,75,21,54,미제작,블로그,,,,
MM-0006,국가,태국,방콕,,태국 골프여행 요즘 갈만한가요?,72,26,46,미제작,블로그,,,,
MM-0007,국가,태국,방콕,,태국은 몇 월에 골프 치기 가장 좋아요?,70,28,42,미제작,블로그,,,,
MM-0008,국가,태국,방콕,,태국 골프여행 처음인데 초보 코스도 괜찮나요?,69,20,49,미제작,블로그,,,,
MM-0009,국가,태국,방콕,,태국 비자 없이 골프여행 갈 수 있나요?,71,5,66,미제작,블로그,,,,
MM-0010,국가,태국,방콕,,태국 골프여행 왕복 비행시간 얼마나 걸려요?,75,17,58,미제작,블로그,,,,
MM-0011,국가,필리핀,세부,,필리핀 골프여행 요즘 갈만한가요?,69,14,55,미제작,블로그,,,,
MM-0012,국가,필리핀,세부,,필리핀은 몇 월에 골프 치기 가장 좋아요?,72,2,70,미제작,블로그,,,,
MM-0013,국가,필리핀,세부,,필리핀 골프여행 처음인데 초보 코스도 괜찮나요?,69,28,41,미제작,블로그,,,,
MM-0014,국가,필리핀,세부,,필리핀 비자 없이 골프여행 갈 수 있나요?,73,32,41,미제작,블로그,,,,
MM-0015,국가,필리핀,세부,,필리핀 골프여행 왕복 비행시간 얼마나 걸려요?,70,15,55,미제작,블로그,,,,
MM-0016,국가,,,,은퇴 후 골프여행 가기 좋은 나라 추천해주세요.,66,19,47,미제작,블로그,,,,
MM-0017,국가,,,,50대 부부가 같이 가기 좋은 골프여행 국가는 어디예요?,68,86,-18,완료,블로그,,,,
MM-0018,국가,,,,동남아 골프여행 국가 중 물가 저렴한 곳은 어디인가요?,63,11,52,미제작,블로그,,,,
MM-0019,지역,베트남,다낭,,베트남 다낭 골프여행 몇 박 몇 일이 적당한가요?,69,16,53,미제작,블로그,,,,
MM-0020,지역,베트남,다낭,,베트남 다낭에 골프장이 몇 개나 있나요?,65,33,32,미제작,블로그,,,,
MM-0021,지역,베트남,다낭,,베트남 다낭 골프투어 비수기는 언제예요?,70,0,70,미제작,블로그,,,,
MM-0022,지역,베트남,다낭,,베트남 다낭 골프장은 시내에서 얼마나 걸리나요?,68,3,65,미제작,블로그,,,,
MM-0023,지역,베트남,하노이,,베트남 하노이 골프여행 몇 박 몇 일이 적당한가요?,62,31,31,미제작,블로그,,,,
MM-0024,지역,베트남,하노이,,베트남 하노이에 골프장이 몇 개나 있나요?,67,4,63,미제작,블로그,,,,
MM-0025,지역,베트남,하노이,,베트남 하노이 골프투어 비수기는 언제예요?,63,25,38,미제작,블로그,,,,
MM-0026,지역,베트남,하노이,,베트남 하노이 골프장은 시내에서 얼마나 걸리나요?,68,5,63,미제작,블로그,,,,
MM-0027,지역,베트남,호치민,,베트남 호치민 골프여행 몇 박 몇 일이 적당한가요?,66,6,60,미제작,블로그,,,,
MM-0028,지역,베트남,호치민,,베트남 호치민에 골프장이 몇 개나 있나요?,66,18,48,미제작,블로그,,,,
MM-0029,지역,베트남,호치민,,베트남 호치민 골프투어 비수기는 언제예요?,65,3,62,미제작,블로그,,,,
MM-0030,지역,베트남,호치민,,베트남 호치민 골프장은 시내에서 얼마나 걸리나요?,64,8,56,미제작,블로그,,,,
MM-0031,지역,베트남,무이네,,베트남 무이네 골프여행 몇 박 몇 일이 적당한가요?,62,27,35,미제작,블로그,,,,
MM-0032,지역,베트남,무이네,,베트남 무이네에 골프장이 몇 개나 있나요?,62,12,50,미제작,블로그,,,,
MM-0033,지역,베트남,무이네,,베트남 무이네 골프투어 비수기는 언제예요?,59,14,45,미제작,블로그,,,,
MM-0034,지역,베트남,무이네,,베트남 무이네 골프장은 시내에서 얼마나 걸리나요?,57,79,-22,완료,블로그,,,,
MM-0035,지역,베트남,달랏,,베트남 달랏 골프여행 몇 박 몇 일이 적당한가요?,63,17,46,미제작,블로그,,,,
MM-0036,지역,베트남,달랏,,베트남 달랏에 골프장이 몇 개나 있나요?,57,34,23,미제작,블로그,,,,
MM-0037,지역,베트남,달랏,,베트남 달랏 골프투어 비수기는 언제예요?,62,26,36,미제작,블로그,,,,
MM-0038,지역,베트남,달랏,,베트남 달랏 골프장은 시내에서 얼마나 걸리나요?,61,6,55,미제작,블로그,,,,
MM-0039,지역,태국,방콕,,태국 방콕 골프여행 몇 박 몇 일이 적당한가요?,70,1,69,미제작,블로그,,,,
MM-0040,지역,태국,방콕,,태국 방콕에 골프장이 몇 개나 있나요?,72,27,45,미제작,블로그,,,,
MM-0041,지역,태국,방콕,,태국 방콕 골프투어 비수기는 언제예요?,68,25,43,미제작,블로그,,,,
MM-0042,지역,태국,방콕,,태국 방콕 골프장은 시내에서 얼마나 걸리나요?,72,13,59,미제작,블로그,,,,
MM-0043,지역,태국,파타야,,태국 파타야 골프여행 몇 박 몇 일이 적당한가요?,66,2,64,미제작,블로그,,,,
MM-0044,지역,태국,파타야,,태국 파타야에 골프장이 몇 개나 있나요?,67,19,48,미제작,블로그,,,,
MM-0045,지역,태국,파타야,,태국 파타야 골프투어 비수기는 언제예요?,68,33,35,미제작,블로그,,,,
MM-0046,지역,태국,파타야,,태국 파타야 골프장은 시내에서 얼마나 걸리나요?,61,19,42,미제작,블로그,,,,
MM-0047,지역,태국,치앙마이,,태국 치앙마이 골프여행 몇 박 몇 일이 적당한가요?,63,31,32,미제작,블로그,,,,
MM-0048,지역,태국,치앙마이,,태국 치앙마이에 골프장이 몇 개나 있나요?,65,10,55,미제작,블로그,,,,
MM-0049,지역,태국,치앙마이,,태국 치앙마이 골프투어 비수기는 언제예요?,57,17,40,미제작,블로그,,,,
MM-0050,지역,태국,치앙마이,,태국 치앙마이 골프장은 시내에서 얼마나 걸리나요?,58,14,44,미제작,블로그,,,,
MM-0051,지역,태국,후아힌,,태국 후아힌 골프여행 몇 박 몇 일이 적당한가요?,64,84,-20,완료,블로그,,,,
MM-0052,지역,태국,후아힌,,태국 후아힌에 골프장이 몇 개나 있나요?,64,24,40,미제작,블로그,,,,
MM-0053,지역,태국,후아힌,,태국 후아힌 골프투어 비수기는 언제예요?,60,25,35,미제작,블로그,,,,
MM-0054,지역,태국,후아힌,,태국 후아힌 골프장은 시내에서 얼마나 걸리나요?,59,13,46,미제작,블로그,,,,
MM-0055,지역,필리핀,세부,,필리핀 세부 골프여행 몇 박 몇 일이 적당한가요?,71,3,68,미제작,블로그,,,,
MM-0056,지역,필리핀,세부,,필리핀 세부에 골프장이 몇 개나 있나요?,72,26,46,미제작,블로그,,,,
MM-0057,지역,필리핀,세부,,필리핀 세부 골프투어 비수기는 언제예요?,68,29,39,미제작,블로그,,,,
MM-0058,지역,필리핀,세부,,필리핀 세부 골프장은 시내에서 얼마나 걸리나요?,66,28,38,미제작,블로그,,,,
MM-0059,지역,,,,국내 골프여행지 중 겨울에도 라운딩 가능한 곳은 어디인가요?,63,32,31,미제작,블로그,,,,
MM-0060,지역,,,,제주도와 동남아 골프여행 중 어디가 더 나을까요?,66,1,65,미제작,블로그,,,,
MM-0061,골프장,베트남,다낭,,베트남 다낭에서 시니어가 치기 편한 골프장 추천해주세요.,84,28,56,미제작,블로그,,,,
MM-0062,골프장,베트남,다낭,,베트남 다낭 골프장 그린피 카트비 포함인가요?,86,21,65,미제작,블로그,,,,
MM-0063,골프장,베트남,다낭,,베트남 다낭 골프장 페어웨이 상태 어떤가요?,84,17,67,미제작,블로그,,,,
MM-0064,골프장,베트남,다낭,,베트남 다낭 골프장 캐디 한국어 가능한가요?,85,13,72,미제작,블로그,,,,
MM-0065,골프장,베트남,다낭,,베트남 다낭 명문 골프장은 어디예요?,83,8,75,미제작,블로그,,,,
MM-0066,골프장,베트남,다낭,,베트남 다낭 골프장 예약은 얼마나 전에 해야 하나요?,85,3,82,미제작,블로그,,,,
MM-0067,골프장,베트남,하노이,,베트남 하노이에서 시니어가 치기 편한 골프장 추천해주세요.,83,10,73,미제작,블로그,,,,
MM-0068,골프장,베트남,하노이,,베트남 하노이 골프장 그린피 카트비 포함인가요?,82,89,-7,완료,블로그,,,,
MM-0069,골프장,베트남,하노이,,베트남 하노이 골프장 페어웨이 상태 어떤가요?,86,24,62,미제작,블로그,,,,
MM-0070,골프장,베트남,하노이,,베트남 하노이 골프장 캐디 한국어 가능한가요?,79,28,51,미제작,블로그,,,,
MM-0071,골프장,베트남,하노이,,베트남 하노이 명문 골프장은 어디예요?,83,7,76,미제작,블로그,,,,
MM-0072,골프장,베트남,하노이,,베트남 하노이 골프장 예약은 얼마나 전에 해야 하나요?,86,31,55,미제작,블로그,,,,
MM-0073,골프장,베트남,호치민,,베트남 호치민에서 시니어가 치기 편한 골프장 추천해주세요.,84,10,74,미제작,블로그,,,,
MM-0074,골프장,베트남,호치민,,베트남 호치민 골프장 그린피 카트비 포함인가요?,84,31,53,미제작,블로그,,,,
MM-0075,골프장,베트남,호치민,,베트남 호치민 골프장 페어웨이 상태 어떤가요?,83,27,56,미제작,블로그,,,,
MM-0076,골프장,베트남,호치민,,베트남 호치민 골프장 캐디 한국어 가능한가요?,82,29,53,미제작,블로그,,,,
MM-0077,골프장,베트남,호치민,,베트남 호치민 명문 골프장은 어디예요?,86,28,58,미제작,블로그,,,,
MM-0078,골프장,베트남,호치민,,베트남 호치민 골프장 예약은 얼마나 전에 해야 하나요?,84,31,53,미제작,블로그,,,,
MM-0079,골프장,베트남,무이네,,베트남 무이네에서 시니어가 치기 편한 골프장 추천해주세요.,80,15,65,미제작,블로그,,,,
MM-0080,골프장,베트남,무이네,,베트남 무이네 골프장 그린피 카트비 포함인가요?,74,10,64,미제작,블로그,,,,
MM-0081,골프장,베트남,무이네,,베트남 무이네 골프장 페어웨이 상태 어떤가요?,80,13,67,미제작,블로그,,,,
MM-0082,골프장,베트남,무이네,,베트남 무이네 골프장 캐디 한국어 가능한가요?,77,24,53,미제작,블로그,,,,
MM-0083,골프장,베트남,무이네,,베트남 무이네 명문 골프장은 어디예요?,76,20,56,미제작,블로그,,,,
MM-0084,골프장,베트남,무이네,,베트남 무이네 골프장 예약은 얼마나 전에 해야 하나요?,78,3,75,미제작,블로그,,,,
MM-0085,골프장,베트남,달랏,,베트남 달랏에서 시니어가 치기 편한 골프장 추천해주세요.,75,78,-3,완료,블로그,,,,
MM-0086,골프장,베트남,달랏,,베트남 달랏 골프장 그린피 카트비 포함인가요?,75,24,51,미제작,블로그,,,,
MM-0087,골프장,베트남,달랏,,베트남 달랏 골프장 페어웨이 상태 어떤가요?,81,17,64,미제작,블로그,,,,
MM-0088,골프장,베트남,달랏,,베트남 달랏 골프장 캐디 한국어 가능한가요?,75,9,66,미제작,블로그,,,,
MM-0089,골프장,베트남,달랏,,베트남 달랏 명문 골프장은 어디예요?,79,1,78,미제작,블로그,,,,
MM-0090,골프장,베트남,달랏,,베트남 달랏 골프장 예약은 얼마나 전에 해야 하나요?,81,17,64,미제작,블로그,,,,
MM-0091,골프장,태국,방콕,,태국 방콕에서 시니어가 치기 편한 골프장 추천해주세요.,90,23,67,미제작,블로그,,,,
MM-0092,골프장,태국,방콕,,태국 방콕 골프장 그린피 카트비 포함인가요?,90,30,60,미제작,블로그,,,,
MM-0093,골프장,태국,방콕,,태국 방콕 골프장 페어웨이 상태 어떤가요?,82,24,58,미제작,블로그,,,,
MM-0094,골프장,태국,방콕,,태국 방콕 골프장 캐디 한국어 가능한가요?,89,11,78,미제작,블로그,,,,
MM-0095,골프장,태국,방콕,,태국 방콕 명문 골프장은 어디예요?,89,30,59,미제작,블로그,,,,
MM-0096,골프장,태국,방콕,,태국 방콕 골프장 예약은 얼마나 전에 해야 하나요?,83,34,49,미제작,블로그,,,,
MM-0097,골프장,태국,파타야,,태국 파타야에서 시니어가 치기 편한 골프장 추천해주세요.,84,17,67,미제작,블로그,,,,
MM-0098,골프장,태국,파타야,,태국 파타야 골프장 그린피 카트비 포함인가요?,85,5,80,미제작,블로그,,,,
MM-0099,골프장,태국,파타야,,태국 파타야 골프장 페어웨이 상태 어떤가요?,84,21,63,미제작,블로그,,,,
MM-0100,골프장,태국,파타야,,태국 파타야 골프장 캐디 한국어 가능한가요?,85,3,82,미제작,블로그,,,,
MM-0101,골프장,태국,파타야,,태국 파타야 명문 골프장은 어디예요?,86,19,67,미제작,블로그,,,,
MM-0102,골프장,태국,파타야,,태국 파타야 골프장 예약은 얼마나 전에 해야 하나요?,80,68,12,완료,블로그,,,,
MM-0103,골프장,태국,치앙마이,,태국 치앙마이에서 시니어가 치기 편한 골프장 추천해주세요.,78,17,61,미제작,블로그,,,,
MM-0104,골프장,태국,치앙마이,,태국 치앙마이 골프장 그린피 카트비 포함인가요?,74,31,43,미제작,블로그,,,,
MM-0105,골프장,태국,치앙마이,,태국 치앙마이 골프장 페어웨이 상태 어떤가요?,79,17,62,미제작,블로그,,,,
MM-0106,골프장,태국,치앙마이,,태국 치앙마이 골프장 캐디 한국어 가능한가요?,80,15,65,미제작,블로그,,,,
MM-0107,골프장,태국,치앙마이,,태국 치앙마이 명문 골프장은 어디예요?,76,34,42,미제작,블로그,,,,
MM-0108,골프장,태국,치앙마이,,태국 치앙마이 골프장 예약은 얼마나 전에 해야 하나요?,75,10,65,미제작,블로그,,,,
MM-0109,골프장,태국,후아힌,,태국 후아힌에서 시니어가 치기 편한 골프장 추천해주세요.,79,22,57,미제작,블로그,,,,
MM-0110,골프장,태국,후아힌,,태국 후아힌 골프장 그린피 카트비 포함인가요?,77,27,50,미제작,블로그,,,,
MM-0111,골프장,태국,후아힌,,태국 후아힌 골프장 페어웨이 상태 어떤가요?,82,6,76,미제작,블로그,,,,
MM-0112,골프장,태국,후아힌,,태국 후아힌 골프장 캐디 한국어 가능한가요?,81,1,80,미제작,블로그,,,,
MM-0113,골프장,태국,후아힌,,태국 후아힌 명문 골프장은 어디예요?,78,26,52,미제작,블로그,,,,
MM-0114,골프장,태국,후아힌,,태국 후아힌 골프장 예약은 얼마나 전에 해야 하나요?,82,12,70,미제작,블로그,,,,
MM-0115,골프장,필리핀,세부,,필리핀 세부에서 시니어가 치기 편한 골프장 추천해주세요.,85,11,74,미제작,블로그,,,,
MM-0116,골프장,필리핀,세부,,필리핀 세부 골프장 그린피 카트비 포함인가요?,89,0,89,미제작,블로그,,,,
MM-0117,골프장,필리핀,세부,,필리핀 세부 골프장 페어웨이 상태 어떤가요?,90,19,71,미제작,블로그,,,,
MM-0118,골프장,필리핀,세부,,필리핀 세부 골프장 캐디 한국어 가능한가요?,83,28,55,미제작,블로그,,,,
MM-0119,골프장,필리핀,세부,,필리핀 세부 명문 골프장은 어디예요?,87,86,1,완료,블로그,,,,
MM-0120,골프장,필리핀,세부,,필리핀 세부 골프장 예약은 얼마나 전에 해야 하나요?,88,31,57,미제작,블로그,,,,
MM-0121,골프장,필리핀,클락,,필리핀 클락에서 시니어가 치기 편한 골프장 추천해주세요.,84,34,50,미제작,블로그,,,,
MM-0122,골프장,필리핀,클락,,필리핀 클락 골프장 그린피 카트비 포함인가요?,82,15,67,미제작,블로그,,,,
MM-0123,골프장,필리핀,클락,,필리핀 클락 골프장 페어웨이 상태 어떤가요?,79,25,54,미제작,블로그,,,,
MM-0124,골프장,필리핀,클락,,필리핀 클락 골프장 캐디 한국어 가능한가요?,83,16,67,미제작,블로그,,,,
MM-0125,골프장,필리핀,클락,,필리핀 클락 명문 골프장은 어디예요?,82,15,67,미제작,블로그,,,,
MM-0126,골프장,필리핀,클락,,필리핀 클락 골프장 예약은 얼마나 전에 해야 하나요?,83,29,54,미제작,블로그,,,,
MM-0127,골프장,필리핀,마닐라,,필리핀 마닐라에서 시니어가 치기 편한 골프장 추천해주세요.,79,0,79,미제작,블로그,,,,
MM-0128,골프장,필리핀,마닐라,,필리핀 마닐라 골프장 그린피 카트비 포함인가요?,78,8,70,미제작,블로그,,,,
MM-0129,골프장,필리핀,마닐라,,필리핀 마닐라 골프장 페어웨이 상태 어떤가요?,74,2,72,미제작,블로그,,,,
MM-0130,골프장,필리핀,마닐라,,필리핀 마닐라 골프장 캐디 한국어 가능한가요?,75,30,45,미제작,블로그,,,,
MM-0131,골프장,필리핀,마닐라,,필리핀 마닐라 명문 골프장은 어디예요?,77,11,66,미제작,블로그,,,,
MM-0132,골프장,필리핀,마닐라,,필리핀 마닐라 골프장 예약은 얼마나 전에 해야 하나요?,82,10,72,미제작,블로그,,,,
MM-0133,골프장,,,,노년층도 무리없이 걸을 수 있는 평지 골프장 어디 있나요?,82,28,54,미제작,블로그,,,,
MM-0134,패키지,베트남,다낭,,베트남 다낭 3박5일 골프패키지 일정 어떻게 짜여있나요?,86,25,61,미제작,블로그,,,,
MM-0135,패키지,베트남,다낭,,베트남 다낭 골프패키지에 라운딩 몇 회 포함되나요?,80,15,65,미제작,블로그,,,,
MM-0136,패키지,베트남,다낭,,베트남 다낭 골프패키지 자유일정 추가할 수 있나요?,86,77,9,완료,블로그,,,,
MM-0137,패키지,베트남,다낭,,베트남 다낭 골프패키지 단체(계모임)로 가면 할인되나요?,82,3,79,미제작,블로그,,,,
MM-0138,패키지,베트남,하노이,,베트남 하노이 3박5일 골프패키지 일정 어떻게 짜여있나요?,77,16,61,미제작,블로그,,,,
MM-0139,패키지,베트남,하노이,,베트남 하노이 골프패키지에 라운딩 몇 회 포함되나요?,80,25,55,미제작,블로그,,,,
MM-0140,패키지,베트남,하노이,,베트남 하노이 골프패키지 자유일정 추가할 수 있나요?,77,4,73,미제작,블로그,,,,
MM-0141,패키지,베트남,하노이,,베트남 하노이 골프패키지 단체(계모임)로 가면 할인되나요?,82,2,80,미제작,블로그,,,,
MM-0142,패키지,베트남,호치민,,베트남 호치민 3박5일 골프패키지 일정 어떻게 짜여있나요?,79,33,46,미제작,블로그,,,,
MM-0143,패키지,베트남,호치민,,베트남 호치민 골프패키지에 라운딩 몇 회 포함되나요?,77,18,59,미제작,블로그,,,,
MM-0144,패키지,베트남,호치민,,베트남 호치민 골프패키지 자유일정 추가할 수 있나요?,81,30,51,미제작,블로그,,,,
MM-0145,패키지,베트남,호치민,,베트남 호치민 골프패키지 단체(계모임)로 가면 할인되나요?,84,19,65,미제작,블로그,,,,
MM-0146,패키지,베트남,무이네,,베트남 무이네 3박5일 골프패키지 일정 어떻게 짜여있나요?,77,29,48,미제작,블로그,,,,
MM-0147,패키지,베트남,무이네,,베트남 무이네 골프패키지에 라운딩 몇 회 포함되나요?,77,1,76,미제작,블로그,,,,
MM-0148,패키지,베트남,무이네,,베트남 무이네 골프패키지 자유일정 추가할 수 있나요?,74,7,67,미제작,블로그,,,,
MM-0149,패키지,베트남,무이네,,베트남 무이네 골프패키지 단체(계모임)로 가면 할인되나요?,72,20,52,미제작,블로그,,,,
MM-0150,패키지,베트남,달랏,,베트남 달랏 3박5일 골프패키지 일정 어떻게 짜여있나요?,78,11,67,미제작,블로그,,,,
MM-0151,패키지,베트남,달랏,,베트남 달랏 골프패키지에 라운딩 몇 회 포함되나요?,77,10,67,미제작,블로그,,,,
MM-0152,패키지,베트남,달랏,,베트남 달랏 골프패키지 자유일정 추가할 수 있나요?,73,31,42,미제작,블로그,,,,
MM-0153,패키지,베트남,달랏,,베트남 달랏 골프패키지 단체(계모임)로 가면 할인되나요?,77,64,13,완료,블로그,,,,
MM-0154,패키지,태국,방콕,,태국 방콕 3박5일 골프패키지 일정 어떻게 짜여있나요?,88,30,58,미제작,블로그,,,,
MM-0155,패키지,태국,방콕,,태국 방콕 골프패키지에 라운딩 몇 회 포함되나요?,84,30,54,미제작,블로그,,,,
MM-0156,패키지,태국,방콕,,태국 방콕 골프패키지 자유일정 추가할 수 있나요?,87,12,75,미제작,블로그,,,,
MM-0157,패키지,태국,방콕,,태국 방콕 골프패키지 단체(계모임)로 가면 할인되나요?,82,4,78,미제작,블로그,,,,
MM-0158,패키지,태국,파타야,,태국 파타야 3박5일 골프패키지 일정 어떻게 짜여있나요?,83,15,68,미제작,블로그,,,,
MM-0159,패키지,태국,파타야,,태국 파타야 골프패키지에 라운딩 몇 회 포함되나요?,79,5,74,미제작,블로그,,,,
MM-0160,패키지,태국,파타야,,태국 파타야 골프패키지 자유일정 추가할 수 있나요?,81,16,65,미제작,블로그,,,,
MM-0161,패키지,태국,파타야,,태국 파타야 골프패키지 단체(계모임)로 가면 할인되나요?,80,34,46,미제작,블로그,,,,
MM-0162,패키지,태국,치앙마이,,태국 치앙마이 3박5일 골프패키지 일정 어떻게 짜여있나요?,73,6,67,미제작,블로그,,,,
MM-0163,패키지,태국,치앙마이,,태국 치앙마이 골프패키지에 라운딩 몇 회 포함되나요?,80,8,72,미제작,블로그,,,,
MM-0164,패키지,태국,치앙마이,,태국 치앙마이 골프패키지 자유일정 추가할 수 있나요?,80,21,59,미제작,블로그,,,,
MM-0165,패키지,태국,치앙마이,,태국 치앙마이 골프패키지 단체(계모임)로 가면 할인되나요?,72,20,52,미제작,블로그,,,,
MM-0166,패키지,태국,후아힌,,태국 후아힌 3박5일 골프패키지 일정 어떻게 짜여있나요?,76,9,67,미제작,블로그,,,,
MM-0167,패키지,태국,후아힌,,태국 후아힌 골프패키지에 라운딩 몇 회 포함되나요?,74,8,66,미제작,블로그,,,,
MM-0168,패키지,태국,후아힌,,태국 후아힌 골프패키지 자유일정 추가할 수 있나요?,72,14,58,미제작,블로그,,,,
MM-0169,패키지,태국,후아힌,,태국 후아힌 골프패키지 단체(계모임)로 가면 할인되나요?,76,13,63,미제작,블로그,,,,
MM-0170,패키지,필리핀,세부,,필리핀 세부 3박5일 골프패키지 일정 어떻게 짜여있나요?,88,66,22,완료,블로그,,,,
MM-0171,패키지,필리핀,세부,,필리핀 세부 골프패키지에 라운딩 몇 회 포함되나요?,87,31,56,미제작,블로그,,,,
MM-0172,패키지,필리핀,세부,,필리핀 세부 골프패키지 자유일정 추가할 수 있나요?,86,7,79,미제작,블로그,,,,
MM-0173,패키지,필리핀,세부,,필리핀 세부 골프패키지 단체(계모임)로 가면 할인되나요?,84,32,52,미제작,블로그,,,,
MM-0174,패키지,,,,부부동반 골프패키지랑 남성 전용 패키지랑 뭐가 달라요?,82,17,65,미제작,블로그,,,,
MM-0175,패키지,,,,골프 안 치는 배우자도 같이 갈 수 있는 패키지 있나요?,76,18,58,미제작,블로그,,,,
MM-0176,가격,베트남,다낭,,베트남 다낭 골프여행 4박6일 총 비용 얼마나 드나요?,94,32,62,미제작,블로그+쇼츠,,,,
MM-0177,가격,베트남,다낭,,베트남 다낭 골프패키지 1인 기준 최저가 얼마예요?,100,31,69,미제작,블로그+쇼츠,,,,
MM-0178,가격,베트남,다낭,,베트남 다낭 그린피 포함 패키지 가격이 왜 여행사마다 다른가요?,95,25,70,미제작,블로그+쇼츠,,,,
MM-0179,가격,베트남,다낭,,베트남 다낭 골프여행 성수기 가격 얼마나 오르나요?,100,12,88,미제작,블로그+쇼츠,,,,
MM-0180,가격,베트남,다낭,,베트남 다낭 골프여행 캐디피 팁은 얼마나 챙겨야 하나요?,100,13,87,미제작,블로그+쇼츠,,,,
MM-0181,가격,베트남,하노이,,베트남 하노이 골프여행 4박6일 총 비용 얼마나 드나요?,89,13,76,미제작,블로그+쇼츠,,,,
MM-0182,가격,베트남,하노이,,베트남 하노이 골프패키지 1인 기준 최저가 얼마예요?,88,21,67,미제작,블로그+쇼츠,,,,
MM-0183,가격,베트남,하노이,,베트남 하노이 그린피 포함 패키지 가격이 왜 여행사마다 다른가요?,94,15,79,미제작,블로그+쇼츠,,,,
MM-0184,가격,베트남,하노이,,베트남 하노이 골프여행 성수기 가격 얼마나 오르나요?,95,24,71,미제작,블로그+쇼츠,,,,
MM-0185,가격,베트남,하노이,,베트남 하노이 골프여행 캐디피 팁은 얼마나 챙겨야 하나요?,94,29,65,미제작,블로그+쇼츠,,,,
MM-0186,가격,베트남,호치민,,베트남 호치민 골프여행 4박6일 총 비용 얼마나 드나요?,95,15,80,미제작,블로그+쇼츠,,,,
MM-0187,가격,베트남,호치민,,베트남 호치민 골프패키지 1인 기준 최저가 얼마예요?,89,88,1,완료,블로그+쇼츠,,,,
MM-0188,가격,베트남,호치민,,베트남 호치민 그린피 포함 패키지 가격이 왜 여행사마다 다른가요?,90,32,58,미제작,블로그+쇼츠,,,,
MM-0189,가격,베트남,호치민,,베트남 호치민 골프여행 성수기 가격 얼마나 오르나요?,92,7,85,미제작,블로그+쇼츠,,,,
MM-0190,가격,베트남,호치민,,베트남 호치민 골프여행 캐디피 팁은 얼마나 챙겨야 하나요?,93,0,93,미제작,블로그+쇼츠,,,,
MM-0191,가격,베트남,무이네,,베트남 무이네 골프여행 4박6일 총 비용 얼마나 드나요?,86,21,65,미제작,블로그+쇼츠,,,,
MM-0192,가격,베트남,무이네,,베트남 무이네 골프패키지 1인 기준 최저가 얼마예요?,89,9,80,미제작,블로그+쇼츠,,,,
MM-0193,가격,베트남,무이네,,베트남 무이네 그린피 포함 패키지 가격이 왜 여행사마다 다른가요?,85,9,76,미제작,블로그+쇼츠,,,,
MM-0194,가격,베트남,무이네,,베트남 무이네 골프여행 성수기 가격 얼마나 오르나요?,92,23,69,미제작,블로그+쇼츠,,,,
MM-0195,가격,베트남,무이네,,베트남 무이네 골프여행 캐디피 팁은 얼마나 챙겨야 하나요?,91,14,77,미제작,블로그+쇼츠,,,,
MM-0196,가격,베트남,달랏,,베트남 달랏 골프여행 4박6일 총 비용 얼마나 드나요?,91,28,63,미제작,블로그+쇼츠,,,,
MM-0197,가격,베트남,달랏,,베트남 달랏 골프패키지 1인 기준 최저가 얼마예요?,92,31,61,미제작,블로그+쇼츠,,,,
MM-0198,가격,베트남,달랏,,베트남 달랏 그린피 포함 패키지 가격이 왜 여행사마다 다른가요?,86,25,61,미제작,블로그+쇼츠,,,,
MM-0199,가격,베트남,달랏,,베트남 달랏 골프여행 성수기 가격 얼마나 오르나요?,89,2,87,미제작,블로그+쇼츠,,,,
MM-0200,가격,베트남,달랏,,베트남 달랏 골프여행 캐디피 팁은 얼마나 챙겨야 하나요?,87,4,83,미제작,블로그+쇼츠,,,,
MM-0201,가격,태국,방콕,,태국 방콕 골프여행 4박6일 총 비용 얼마나 드나요?,95,25,70,미제작,블로그+쇼츠,,,,
MM-0202,가격,태국,방콕,,태국 방콕 골프패키지 1인 기준 최저가 얼마예요?,96,32,64,미제작,블로그+쇼츠,,,,
MM-0203,가격,태국,방콕,,태국 방콕 그린피 포함 패키지 가격이 왜 여행사마다 다른가요?,94,9,85,미제작,블로그+쇼츠,,,,
MM-0204,가격,태국,방콕,,태국 방콕 골프여행 성수기 가격 얼마나 오르나요?,93,82,11,완료,블로그+쇼츠,,,,
MM-0205,가격,태국,방콕,,태국 방콕 골프여행 캐디피 팁은 얼마나 챙겨야 하나요?,100,7,93,미제작,블로그+쇼츠,,,,
MM-0206,가격,태국,파타야,,태국 파타야 골프여행 4박6일 총 비용 얼마나 드나요?,94,7,87,미제작,블로그+쇼츠,,,,
MM-0207,가격,태국,파타야,,태국 파타야 골프패키지 1인 기준 최저가 얼마예요?,89,23,66,미제작,블로그+쇼츠,,,,
MM-0208,가격,태국,파타야,,태국 파타야 그린피 포함 패키지 가격이 왜 여행사마다 다른가요?,90,23,67,미제작,블로그+쇼츠,,,,
MM-0209,가격,태국,파타야,,태국 파타야 골프여행 성수기 가격 얼마나 오르나요?,90,0,90,미제작,블로그+쇼츠,,,,
MM-0210,가격,태국,파타야,,태국 파타야 골프여행 캐디피 팁은 얼마나 챙겨야 하나요?,96,22,74,미제작,블로그+쇼츠,,,,
MM-0211,가격,태국,치앙마이,,태국 치앙마이 골프여행 4박6일 총 비용 얼마나 드나요?,90,8,82,미제작,블로그+쇼츠,,,,
MM-0212,가격,태국,치앙마이,,태국 치앙마이 골프패키지 1인 기준 최저가 얼마예요?,89,16,73,미제작,블로그+쇼츠,,,,
MM-0213,가격,태국,치앙마이,,태국 치앙마이 그린피 포함 패키지 가격이 왜 여행사마다 다른가요?,86,19,67,미제작,블로그+쇼츠,,,,
MM-0214,가격,태국,치앙마이,,태국 치앙마이 골프여행 성수기 가격 얼마나 오르나요?,90,18,72,미제작,블로그+쇼츠,,,,
MM-0215,가격,태국,치앙마이,,태국 치앙마이 골프여행 캐디피 팁은 얼마나 챙겨야 하나요?,91,11,80,미제작,블로그+쇼츠,,,,
MM-0216,가격,태국,후아힌,,태국 후아힌 골프여행 4박6일 총 비용 얼마나 드나요?,87,21,66,미제작,블로그+쇼츠,,,,
MM-0217,가격,태국,후아힌,,태국 후아힌 골프패키지 1인 기준 최저가 얼마예요?,91,14,77,미제작,블로그+쇼츠,,,,
MM-0218,가격,태국,후아힌,,태국 후아힌 그린피 포함 패키지 가격이 왜 여행사마다 다른가요?,89,19,70,미제작,블로그+쇼츠,,,,
MM-0219,가격,태국,후아힌,,태국 후아힌 골프여행 성수기 가격 얼마나 오르나요?,86,5,81,미제작,블로그+쇼츠,,,,
MM-0220,가격,태국,후아힌,,태국 후아힌 골프여행 캐디피 팁은 얼마나 챙겨야 하나요?,88,33,55,미제작,블로그+쇼츠,,,,
MM-0221,가격,필리핀,세부,,필리핀 세부 골프여행 4박6일 총 비용 얼마나 드나요?,100,60,40,완료,블로그+쇼츠,,,,
MM-0222,가격,필리핀,세부,,필리핀 세부 골프패키지 1인 기준 최저가 얼마예요?,92,34,58,미제작,블로그+쇼츠,,,,
MM-0223,가격,필리핀,세부,,필리핀 세부 그린피 포함 패키지 가격이 왜 여행사마다 다른가요?,96,1,95,미제작,블로그+쇼츠,,,,
MM-0224,가격,필리핀,세부,,필리핀 세부 골프여행 성수기 가격 얼마나 오르나요?,97,29,68,미제작,블로그+쇼츠,,,,
MM-0225,가격,필리핀,세부,,필리핀 세부 골프여행 캐디피 팁은 얼마나 챙겨야 하나요?,95,2,93,미제작,블로그+쇼츠,,,,
MM-0226,가격,필리핀,클락,,필리핀 클락 골프여행 4박6일 총 비용 얼마나 드나요?,90,4,86,미제작,블로그+쇼츠,,,,
MM-0227,가격,필리핀,클락,,필리핀 클락 골프패키지 1인 기준 최저가 얼마예요?,91,8,83,미제작,블로그+쇼츠,,,,
MM-0228,가격,필리핀,클락,,필리핀 클락 그린피 포함 패키지 가격이 왜 여행사마다 다른가요?,90,5,85,미제작,블로그+쇼츠,,,,
MM-0229,가격,필리핀,클락,,필리핀 클락 골프여행 성수기 가격 얼마나 오르나요?,96,32,64,미제작,블로그+쇼츠,,,,
MM-0230,가격,필리핀,클락,,필리핀 클락 골프여행 캐디피 팁은 얼마나 챙겨야 하나요?,89,30,59,미제작,블로그+쇼츠,,,,
MM-0231,가격,필리핀,마닐라,,필리핀 마닐라 골프여행 4박6일 총 비용 얼마나 드나요?,88,16,72,미제작,블로그+쇼츠,,,,
MM-0232,가격,필리핀,마닐라,,필리핀 마닐라 골프패키지 1인 기준 최저가 얼마예요?,90,22,68,미제작,블로그+쇼츠,,,,
MM-0233,가격,필리핀,마닐라,,필리핀 마닐라 그린피 포함 패키지 가격이 왜 여행사마다 다른가요?,92,25,67,미제작,블로그+쇼츠,,,,
MM-0234,가격,필리핀,마닐라,,필리핀 마닐라 골프여행 성수기 가격 얼마나 오르나요?,91,27,64,미제작,블로그+쇼츠,,,,
MM-0235,가격,필리핀,마닐라,,필리핀 마닐라 골프여행 캐디피 팁은 얼마나 챙겨야 하나요?,87,9,78,미제작,블로그+쇼츠,,,,
MM-0236,가격,,,,60대 부부 골프여행 예산 얼마 정도 잡아야 하나요?,93,20,73,미제작,블로그+쇼츠,,,,
MM-0237,가격,,,,골프여행 가격에 포함 안 되는 숨은 비용은 뭐가 있나요?,93,23,70,미제작,블로그+쇼츠,,,,
MM-0238,가격,,,,카드 할부로 골프패키지 결제 가능한가요?,89,81,8,완료,블로그+쇼츠,,,,
MM-0239,날씨,베트남,다낭,,베트남 다낭 이번 주 날씨 골프 치기 괜찮나요?,65,14,51,미제작,블로그,,,,
MM-0240,날씨,베트남,다낭,,베트남 다낭 우기에도 골프여행 가도 되나요?,69,20,49,미제작,블로그,,,,
MM-0241,날씨,베트남,다낭,,베트남 다낭 골프여행 갈 때 자외선 대비 어떻게 해야 하나요?,69,1,68,미제작,블로그,,,,
MM-0242,날씨,베트남,하노이,,베트남 하노이 이번 주 날씨 골프 치기 괜찮나요?,60,21,39,미제작,블로그,,,,
MM-0243,날씨,베트남,하노이,,베트남 하노이 우기에도 골프여행 가도 되나요?,65,9,56,미제작,블로그,,,,
MM-0244,날씨,베트남,하노이,,베트남 하노이 골프여행 갈 때 자외선 대비 어떻게 해야 하나요?,62,34,28,미제작,블로그,,,,
MM-0245,날씨,베트남,호치민,,베트남 호치민 이번 주 날씨 골프 치기 괜찮나요?,62,11,51,미제작,블로그,,,,
MM-0246,날씨,베트남,호치민,,베트남 호치민 우기에도 골프여행 가도 되나요?,63,28,35,미제작,블로그,,,,
MM-0247,날씨,베트남,호치민,,베트남 호치민 골프여행 갈 때 자외선 대비 어떻게 해야 하나요?,61,28,33,미제작,블로그,,,,
MM-0248,날씨,베트남,무이네,,베트남 무이네 이번 주 날씨 골프 치기 괜찮나요?,54,4,50,미제작,블로그,,,,
MM-0249,날씨,베트남,무이네,,베트남 무이네 우기에도 골프여행 가도 되나요?,54,20,34,미제작,블로그,,,,
MM-0250,날씨,베트남,무이네,,베트남 무이네 골프여행 갈 때 자외선 대비 어떻게 해야 하나요?,56,11,45,미제작,블로그,,,,
MM-0251,날씨,베트남,달랏,,베트남 달랏 이번 주 날씨 골프 치기 괜찮나요?,57,21,36,미제작,블로그,,,,
MM-0252,날씨,베트남,달랏,,베트남 달랏 우기에도 골프여행 가도 되나요?,59,27,32,미제작,블로그,,,,
MM-0253,날씨,베트남,달랏,,베트남 달랏 골프여행 갈 때 자외선 대비 어떻게 해야 하나요?,57,21,36,미제작,블로그,,,,
MM-0254,날씨,태국,방콕,,태국 방콕 이번 주 날씨 골프 치기 괜찮나요?,63,32,31,미제작,블로그,,,,
MM-0255,날씨,태국,방콕,,태국 방콕 우기에도 골프여행 가도 되나요?,63,70,-7,완료,블로그,,,,
MM-0256,날씨,태국,방콕,,태국 방콕 골프여행 갈 때 자외선 대비 어떻게 해야 하나요?,67,1,66,미제작,블로그,,,,
MM-0257,날씨,태국,파타야,,태국 파타야 이번 주 날씨 골프 치기 괜찮나요?,59,26,33,미제작,블로그,,,,
MM-0258,날씨,태국,파타야,,태국 파타야 우기에도 골프여행 가도 되나요?,63,3,60,미제작,블로그,,,,
MM-0259,날씨,태국,파타야,,태국 파타야 골프여행 갈 때 자외선 대비 어떻게 해야 하나요?,66,12,54,미제작,블로그,,,,
MM-0260,날씨,태국,치앙마이,,태국 치앙마이 이번 주 날씨 골프 치기 괜찮나요?,61,9,52,미제작,블로그,,,,
MM-0261,날씨,태국,치앙마이,,태국 치앙마이 우기에도 골프여행 가도 되나요?,55,20,35,미제작,블로그,,,,
MM-0262,날씨,태국,치앙마이,,태국 치앙마이 골프여행 갈 때 자외선 대비 어떻게 해야 하나요?,60,23,37,미제작,블로그,,,,
MM-0263,날씨,베트남,다낭,40대,40대가 베트남 다낭 더운 날씨에 라운딩해도 무리 없을까요?,65,10,55,미제작,블로그,,,,
MM-0264,날씨,베트남,다낭,50대,50대가 베트남 다낭 더운 날씨에 라운딩해도 무리 없을까요?,69,30,39,미제작,블로그,,,,
MM-0265,날씨,베트남,다낭,60대,60대가 베트남 다낭 더운 날씨에 라운딩해도 무리 없을까요?,63,8,55,미제작,블로그,,,,
MM-0266,날씨,베트남,다낭,70대,70대가 베트남 다낭 더운 날씨에 라운딩해도 무리 없을까요?,65,3,62,미제작,블로그,,,,
MM-0267,날씨,베트남,하노이,40대,40대가 베트남 하노이 더운 날씨에 라운딩해도 무리 없을까요?,66,22,44,미제작,블로그,,,,
MM-0268,날씨,베트남,하노이,50대,50대가 베트남 하노이 더운 날씨에 라운딩해도 무리 없을까요?,65,24,41,미제작,블로그,,,,
MM-0269,날씨,베트남,하노이,60대,60대가 베트남 하노이 더운 날씨에 라운딩해도 무리 없을까요?,65,15,50,미제작,블로그,,,,
MM-0270,날씨,베트남,하노이,70대,70대가 베트남 하노이 더운 날씨에 라운딩해도 무리 없을까요?,62,22,40,미제작,블로그,,,,
MM-0271,날씨,베트남,호치민,40대,40대가 베트남 호치민 더운 날씨에 라운딩해도 무리 없을까요?,58,18,40,미제작,블로그,,,,
MM-0272,날씨,베트남,호치민,50대,50대가 베트남 호치민 더운 날씨에 라운딩해도 무리 없을까요?,63,79,-16,완료,블로그,,,,
MM-0273,날씨,베트남,호치민,60대,60대가 베트남 호치민 더운 날씨에 라운딩해도 무리 없을까요?,63,7,56,미제작,블로그,,,,
MM-0274,날씨,베트남,호치민,70대,70대가 베트남 호치민 더운 날씨에 라운딩해도 무리 없을까요?,64,28,36,미제작,블로그,,,,
MM-0275,날씨,베트남,무이네,40대,40대가 베트남 무이네 더운 날씨에 라운딩해도 무리 없을까요?,56,3,53,미제작,블로그,,,,
MM-0276,날씨,베트남,무이네,50대,50대가 베트남 무이네 더운 날씨에 라운딩해도 무리 없을까요?,58,28,30,미제작,블로그,,,,
MM-0277,날씨,베트남,무이네,60대,60대가 베트남 무이네 더운 날씨에 라운딩해도 무리 없을까요?,57,4,53,미제작,블로그,,,,
MM-0278,날씨,베트남,무이네,70대,70대가 베트남 무이네 더운 날씨에 라운딩해도 무리 없을까요?,56,28,28,미제작,블로그,,,,
MM-0279,날씨,,,,무더위에 4라운드 연속 도는 게 체력적으로 괜찮을까요?,65,14,51,미제작,블로그,,,,
MM-0280,이동,베트남,다낭,,베트남 다낭 공항에서 골프장까지 이동시간 얼마나 걸려요?,78,18,60,미제작,블로그,,,,
MM-0281,이동,베트남,다낭,,베트남 다낭 골프여행 중 이동은 전용버스로 하나요?,78,0,78,미제작,블로그,,,,
MM-0282,이동,베트남,다낭,,"베트남 다낭 인천공항 직항 있나요, 경유해야 하나요?",76,10,66,미제작,블로그,,,,
MM-0283,이동,베트남,다낭,,베트남 다낭 골프백 위탁수하물 규정이 어떻게 되나요?,71,5,66,미제작,블로그,,,,
MM-0284,이동,베트남,하노이,,베트남 하노이 공항에서 골프장까지 이동시간 얼마나 걸려요?,70,5,65,미제작,블로그,,,,
MM-0285,이동,베트남,하노이,,베트남 하노이 골프여행 중 이동은 전용버스로 하나요?,70,26,44,미제작,블로그,,,,
MM-0286,이동,베트남,하노이,,"베트남 하노이 인천공항 직항 있나요, 경유해야 하나요?",71,0,71,미제작,블로그,,,,
MM-0287,이동,베트남,하노이,,베트남 하노이 골프백 위탁수하물 규정이 어떻게 되나요?,72,8,64,미제작,블로그,,,,
MM-0288,이동,베트남,호치민,,베트남 호치민 공항에서 골프장까지 이동시간 얼마나 걸려요?,74,32,42,미제작,블로그,,,,
MM-0289,이동,베트남,호치민,,베트남 호치민 골프여행 중 이동은 전용버스로 하나요?,73,69,4,완료,블로그,,,,
MM-0290,이동,베트남,호치민,,"베트남 호치민 인천공항 직항 있나요, 경유해야 하나요?",66,2,64,미제작,블로그,,,,
MM-0291,이동,베트남,호치민,,베트남 호치민 골프백 위탁수하물 규정이 어떻게 되나요?,72,7,65,미제작,블로그,,,,
MM-0292,이동,베트남,무이네,,베트남 무이네 공항에서 골프장까지 이동시간 얼마나 걸려요?,63,13,50,미제작,블로그,,,,
MM-0293,이동,베트남,무이네,,베트남 무이네 골프여행 중 이동은 전용버스로 하나요?,67,8,59,미제작,블로그,,,,
MM-0294,이동,베트남,무이네,,"베트남 무이네 인천공항 직항 있나요, 경유해야 하나요?",68,13,55,미제작,블로그,,,,
MM-0295,이동,베트남,무이네,,베트남 무이네 골프백 위탁수하물 규정이 어떻게 되나요?,70,10,60,미제작,블로그,,,,
MM-0296,이동,베트남,달랏,,베트남 달랏 공항에서 골프장까지 이동시간 얼마나 걸려요?,69,19,50,미제작,블로그,,,,
MM-0297,이동,베트남,달랏,,베트남 달랏 골프여행 중 이동은 전용버스로 하나요?,63,24,39,미제작,블로그,,,,
MM-0298,이동,베트남,달랏,,"베트남 달랏 인천공항 직항 있나요, 경유해야 하나요?",70,10,60,미제작,블로그,,,,
MM-0299,이동,베트남,달랏,,베트남 달랏 골프백 위탁수하물 규정이 어떻게 되나요?,62,5,57,미제작,블로그,,,,
MM-0300,이동,태국,방콕,,태국 방콕 공항에서 골프장까지 이동시간 얼마나 걸려요?,78,34,44,미제작,블로그,,,,
MM-0301,이동,태국,방콕,,태국 방콕 골프여행 중 이동은 전용버스로 하나요?,70,10,60,미제작,블로그,,,,
MM-0302,이동,태국,방콕,,"태국 방콕 인천공항 직항 있나요, 경유해야 하나요?",75,3,72,미제작,블로그,,,,
MM-0303,이동,태국,방콕,,태국 방콕 골프백 위탁수하물 규정이 어떻게 되나요?,76,12,64,미제작,블로그,,,,
MM-0304,이동,태국,파타야,,태국 파타야 공항에서 골프장까지 이동시간 얼마나 걸려요?,73,30,43,미제작,블로그,,,,
MM-0305,이동,태국,파타야,,태국 파타야 골프여행 중 이동은 전용버스로 하나요?,73,14,59,미제작,블로그,,,,
MM-0306,이동,태국,파타야,,"태국 파타야 인천공항 직항 있나요, 경유해야 하나요?",71,84,-13,완료,블로그,,,,
MM-0307,이동,태국,파타야,,태국 파타야 골프백 위탁수하물 규정이 어떻게 되나요?,69,5,64,미제작,블로그,,,,
MM-0308,이동,태국,치앙마이,,태국 치앙마이 공항에서 골프장까지 이동시간 얼마나 걸려요?,70,8,62,미제작,블로그,,,,
MM-0309,이동,태국,치앙마이,,태국 치앙마이 골프여행 중 이동은 전용버스로 하나요?,69,31,38,미제작,블로그,,,,
MM-0310,이동,태국,치앙마이,,"태국 치앙마이 인천공항 직항 있나요, 경유해야 하나요?",63,23,40,미제작,블로그,,,,
MM-0311,이동,태국,치앙마이,,태국 치앙마이 골프백 위탁수하물 규정이 어떻게 되나요?,64,16,48,미제작,블로그,,,,
MM-0312,이동,베트남,다낭,40대,40대인데 베트남 다낭까지 장시간 비행 괜찮을까요?,74,26,48,미제작,블로그,,,,
MM-0313,이동,베트남,다낭,50대,50대인데 베트남 다낭까지 장시간 비행 괜찮을까요?,78,22,56,미제작,블로그,,,,
MM-0314,이동,베트남,다낭,60대,60대인데 베트남 다낭까지 장시간 비행 괜찮을까요?,74,26,48,미제작,블로그,,,,
MM-0315,이동,베트남,다낭,70대,70대인데 베트남 다낭까지 장시간 비행 괜찮을까요?,74,0,74,미제작,블로그,,,,
MM-0316,이동,베트남,하노이,40대,40대인데 베트남 하노이까지 장시간 비행 괜찮을까요?,68,1,67,미제작,블로그,,,,
MM-0317,이동,베트남,하노이,50대,50대인데 베트남 하노이까지 장시간 비행 괜찮을까요?,74,15,59,미제작,블로그,,,,
MM-0318,이동,베트남,하노이,60대,60대인데 베트남 하노이까지 장시간 비행 괜찮을까요?,72,2,70,미제작,블로그,,,,
MM-0319,이동,베트남,하노이,70대,70대인데 베트남 하노이까지 장시간 비행 괜찮을까요?,67,26,41,미제작,블로그,,,,
MM-0320,이동,베트남,호치민,40대,40대인데 베트남 호치민까지 장시간 비행 괜찮을까요?,69,31,38,미제작,블로그,,,,
MM-0321,이동,베트남,호치민,50대,50대인데 베트남 호치민까지 장시간 비행 괜찮을까요?,71,2,69,미제작,블로그,,,,
MM-0322,이동,베트남,호치민,60대,60대인데 베트남 호치민까지 장시간 비행 괜찮을까요?,70,24,46,미제작,블로그,,,,
MM-0323,이동,베트남,호치민,70대,70대인데 베트남 호치민까지 장시간 비행 괜찮을까요?,71,79,-8,완료,블로그,,,,
MM-0324,이동,베트남,무이네,40대,40대인데 베트남 무이네까지 장시간 비행 괜찮을까요?,68,27,41,미제작,블로그,,,,
MM-0325,이동,베트남,무이네,50대,50대인데 베트남 무이네까지 장시간 비행 괜찮을까요?,66,2,64,미제작,블로그,,,,
MM-0326,이동,베트남,무이네,60대,60대인데 베트남 무이네까지 장시간 비행 괜찮을까요?,69,20,49,미제작,블로그,,,,
MM-0327,이동,베트남,무이네,70대,70대인데 베트남 무이네까지 장시간 비행 괜찮을까요?,66,21,45,미제작,블로그,,,,
MM-0328,이동,베트남,다낭,40대,무릎이 안 좋은 40대도 베트남 다낭 골프카트 이동 괜찮을까요?,74,14,60,미제작,블로그,,,,
MM-0329,이동,베트남,다낭,50대,무릎이 안 좋은 50대도 베트남 다낭 골프카트 이동 괜찮을까요?,75,20,55,미제작,블로그,,,,
MM-0330,이동,베트남,다낭,60대,무릎이 안 좋은 60대도 베트남 다낭 골프카트 이동 괜찮을까요?,77,21,56,미제작,블로그,,,,
MM-0331,이동,베트남,다낭,70대,무릎이 안 좋은 70대도 베트남 다낭 골프카트 이동 괜찮을까요?,78,0,78,미제작,블로그,,,,
MM-0332,이동,베트남,하노이,40대,무릎이 안 좋은 40대도 베트남 하노이 골프카트 이동 괜찮을까요?,70,11,59,미제작,블로그,,,,
MM-0333,이동,베트남,하노이,50대,무릎이 안 좋은 50대도 베트남 하노이 골프카트 이동 괜찮을까요?,74,26,48,미제작,블로그,,,,
MM-0334,이동,베트남,하노이,60대,무릎이 안 좋은 60대도 베트남 하노이 골프카트 이동 괜찮을까요?,72,10,62,미제작,블로그,,,,
MM-0335,이동,베트남,하노이,70대,무릎이 안 좋은 70대도 베트남 하노이 골프카트 이동 괜찮을까요?,73,23,50,미제작,블로그,,,,
MM-0336,이동,베트남,호치민,40대,무릎이 안 좋은 40대도 베트남 호치민 골프카트 이동 괜찮을까요?,73,21,52,미제작,블로그,,,,
MM-0337,이동,베트남,호치민,50대,무릎이 안 좋은 50대도 베트남 호치민 골프카트 이동 괜찮을까요?,66,20,46,미제작,블로그,,,,
MM-0338,이동,베트남,호치민,60대,무릎이 안 좋은 60대도 베트남 호치민 골프카트 이동 괜찮을까요?,72,9,63,미제작,블로그,,,,
MM-0339,이동,베트남,호치민,70대,무릎이 안 좋은 70대도 베트남 호치민 골프카트 이동 괜찮을까요?,66,27,39,미제작,블로그,,,,
MM-0340,이동,베트남,무이네,40대,무릎이 안 좋은 40대도 베트남 무이네 골프카트 이동 괜찮을까요?,65,87,-22,완료,블로그,,,,
MM-0341,이동,베트남,무이네,50대,무릎이 안 좋은 50대도 베트남 무이네 골프카트 이동 괜찮을까요?,62,20,42,미제작,블로그,,,,
MM-0342,이동,베트남,무이네,60대,무릎이 안 좋은 60대도 베트남 무이네 골프카트 이동 괜찮을까요?,65,31,34,미제작,블로그,,,,
MM-0343,이동,베트남,무이네,70대,무릎이 안 좋은 70대도 베트남 무이네 골프카트 이동 괜찮을까요?,62,3,59,미제작,블로그,,,,
MM-0344,이동,,,,휠체어나 보행보조기 필요한 어르신도 골프여행 갈 수 있나요?,70,17,53,미제작,블로그,,,,
MM-0345,숙박,베트남,다낭,,베트남 다낭 골프패키지 숙소는 몇 성급 호텔인가요?,75,6,69,미제작,블로그,,,,
MM-0346,숙박,베트남,다낭,,베트남 다낭 골프텔이랑 일반 리조트 중 뭐가 나아요?,72,6,66,미제작,블로그,,,,
MM-0347,숙박,베트남,다낭,,베트남 다낭 숙소에서 조식 잘 나오나요?,72,13,59,미제작,블로그,,,,
MM-0348,숙박,베트남,다낭,,베트남 다낭 숙소 트윈룸 싱글룸 추가요금 얼마예요?,74,15,59,미제작,블로그,,,,
MM-0349,숙박,베트남,하노이,,베트남 하노이 골프패키지 숙소는 몇 성급 호텔인가요?,76,29,47,미제작,블로그,,,,
MM-0350,숙박,베트남,하노이,,베트남 하노이 골프텔이랑 일반 리조트 중 뭐가 나아요?,68,10,58,미제작,블로그,,,,
MM-0351,숙박,베트남,하노이,,베트남 하노이 숙소에서 조식 잘 나오나요?,69,19,50,미제작,블로그,,,,
MM-0352,숙박,베트남,하노이,,베트남 하노이 숙소 트윈룸 싱글룸 추가요금 얼마예요?,70,26,44,미제작,블로그,,,,
MM-0353,숙박,베트남,호치민,,베트남 호치민 골프패키지 숙소는 몇 성급 호텔인가요?,69,31,38,미제작,블로그,,,,
MM-0354,숙박,베트남,호치민,,베트남 호치민 골프텔이랑 일반 리조트 중 뭐가 나아요?,74,28,46,미제작,블로그,,,,
MM-0355,숙박,베트남,호치민,,베트남 호치민 숙소에서 조식 잘 나오나요?,69,10,59,미제작,블로그,,,,
MM-0356,숙박,베트남,호치민,,베트남 호치민 숙소 트윈룸 싱글룸 추가요금 얼마예요?,73,17,56,미제작,블로그,,,,
MM-0357,숙박,베트남,무이네,,베트남 무이네 골프패키지 숙소는 몇 성급 호텔인가요?,66,60,6,완료,블로그,,,,
MM-0358,숙박,베트남,무이네,,베트남 무이네 골프텔이랑 일반 리조트 중 뭐가 나아요?,72,21,51,미제작,블로그,,,,
MM-0359,숙박,베트남,무이네,,베트남 무이네 숙소에서 조식 잘 나오나요?,66,31,35,미제작,블로그,,,,
MM-0360,숙박,베트남,무이네,,베트남 무이네 숙소 트윈룸 싱글룸 추가요금 얼마예요?,64,33,31,미제작,블로그,,,,
MM-0361,숙박,베트남,달랏,,베트남 달랏 골프패키지 숙소는 몇 성급 호텔인가요?,71,5,66,미제작,블로그,,,,
MM-0362,숙박,베트남,달랏,,베트남 달랏 골프텔이랑 일반 리조트 중 뭐가 나아요?,67,33,34,미제작,블로그,,,,
MM-0363,숙박,베트남,달랏,,베트남 달랏 숙소에서 조식 잘 나오나요?,67,17,50,미제작,블로그,,,,
MM-0364,숙박,베트남,달랏,,베트남 달랏 숙소 트윈룸 싱글룸 추가요금 얼마예요?,71,4,67,미제작,블로그,,,,
MM-0365,숙박,태국,방콕,,태국 방콕 골프패키지 숙소는 몇 성급 호텔인가요?,79,1,78,미제작,블로그,,,,
MM-0366,숙박,태국,방콕,,태국 방콕 골프텔이랑 일반 리조트 중 뭐가 나아요?,78,28,50,미제작,블로그,,,,
MM-0367,숙박,태국,방콕,,태국 방콕 숙소에서 조식 잘 나오나요?,74,12,62,미제작,블로그,,,,
MM-0368,숙박,태국,방콕,,태국 방콕 숙소 트윈룸 싱글룸 추가요금 얼마예요?,78,26,52,미제작,블로그,,,,
MM-0369,숙박,태국,파타야,,태국 파타야 골프패키지 숙소는 몇 성급 호텔인가요?,71,1,70,미제작,블로그,,,,
MM-0370,숙박,태국,파타야,,태국 파타야 골프텔이랑 일반 리조트 중 뭐가 나아요?,68,34,34,미제작,블로그,,,,
MM-0371,숙박,태국,파타야,,태국 파타야 숙소에서 조식 잘 나오나요?,68,14,54,미제작,블로그,,,,
MM-0372,숙박,태국,파타야,,태국 파타야 숙소 트윈룸 싱글룸 추가요금 얼마예요?,72,31,41,미제작,블로그,,,,
MM-0373,숙박,태국,치앙마이,,태국 치앙마이 골프패키지 숙소는 몇 성급 호텔인가요?,68,15,53,미제작,블로그,,,,
MM-0374,숙박,태국,치앙마이,,태국 치앙마이 골프텔이랑 일반 리조트 중 뭐가 나아요?,65,63,2,완료,블로그,,,,
MM-0375,숙박,태국,치앙마이,,태국 치앙마이 숙소에서 조식 잘 나오나요?,70,7,63,미제작,블로그,,,,
MM-0376,숙박,태국,치앙마이,,태국 치앙마이 숙소 트윈룸 싱글룸 추가요금 얼마예요?,64,22,42,미제작,블로그,,,,
MM-0377,숙박,베트남,다낭,40대,40대 부부라 침대 낮은 숙소로 바꿀 수 있나요?,74,20,54,미제작,블로그,,,,
MM-0378,숙박,베트남,다낭,50대,50대 부부라 침대 낮은 숙소로 바꿀 수 있나요?,79,30,49,미제작,블로그,,,,
MM-0379,숙박,베트남,다낭,60대,60대 부부라 침대 낮은 숙소로 바꿀 수 있나요?,78,12,66,미제작,블로그,,,,
MM-0380,숙박,베트남,다낭,70대,70대 부부라 침대 낮은 숙소로 바꿀 수 있나요?,77,25,52,미제작,블로그,,,,
MM-0381,숙박,,,,골프장 안에 있는 숙소랑 시내 호텔 중 어디가 편해요?,76,6,70,미제작,블로그,,,,
MM-0382,식사,베트남,다낭,,베트남 다낭 골프패키지 식사는 한식 나오나요?,59,13,46,미제작,블로그,,,,
MM-0383,식사,베트남,다낭,,베트남 다낭 현지식이 입에 안 맞으면 어떡하나요?,65,20,45,미제작,블로그,,,,
MM-0384,식사,베트남,다낭,,베트남 다낭 골프장 클럽하우스 식사 별도 비용인가요?,60,0,60,미제작,블로그,,,,
MM-0385,식사,베트남,하노이,,베트남 하노이 골프패키지 식사는 한식 나오나요?,53,2,51,미제작,블로그,,,,
MM-0386,식사,베트남,하노이,,베트남 하노이 현지식이 입에 안 맞으면 어떡하나요?,59,5,54,미제작,블로그,,,,
MM-0387,식사,베트남,하노이,,베트남 하노이 골프장 클럽하우스 식사 별도 비용인가요?,55,23,32,미제작,블로그,,,,
MM-0388,식사,베트남,호치민,,베트남 호치민 골프패키지 식사는 한식 나오나요?,58,9,49,미제작,블로그,,,,
MM-0389,식사,베트남,호치민,,베트남 호치민 현지식이 입에 안 맞으면 어떡하나요?,58,15,43,미제작,블로그,,,,
MM-0390,식사,베트남,호치민,,베트남 호치민 골프장 클럽하우스 식사 별도 비용인가요?,56,30,26,미제작,블로그,,,,
MM-0391,식사,베트남,무이네,,베트남 무이네 골프패키지 식사는 한식 나오나요?,54,60,-6,완료,블로그,,,,
MM-0392,식사,베트남,무이네,,베트남 무이네 현지식이 입에 안 맞으면 어떡하나요?,57,4,53,미제작,블로그,,,,
MM-0393,식사,베트남,무이네,,베트남 무이네 골프장 클럽하우스 식사 별도 비용인가요?,51,20,31,미제작,블로그,,,,
MM-0394,식사,베트남,달랏,,베트남 달랏 골프패키지 식사는 한식 나오나요?,50,0,50,미제작,블로그,,,,
MM-0395,식사,베트남,달랏,,베트남 달랏 현지식이 입에 안 맞으면 어떡하나요?,53,33,20,미제작,블로그,,,,
MM-0396,식사,베트남,달랏,,베트남 달랏 골프장 클럽하우스 식사 별도 비용인가요?,50,16,34,미제작,블로그,,,,
MM-0397,식사,태국,방콕,,태국 방콕 골프패키지 식사는 한식 나오나요?,63,7,56,미제작,블로그,,,,
MM-0398,식사,태국,방콕,,태국 방콕 현지식이 입에 안 맞으면 어떡하나요?,61,27,34,미제작,블로그,,,,
MM-0399,식사,태국,방콕,,태국 방콕 골프장 클럽하우스 식사 별도 비용인가요?,64,5,59,미제작,블로그,,,,
MM-0400,식사,태국,파타야,,태국 파타야 골프패키지 식사는 한식 나오나요?,56,30,26,미제작,블로그,,,,
MM-0401,식사,태국,파타야,,태국 파타야 현지식이 입에 안 맞으면 어떡하나요?,59,4,55,미제작,블로그,,,,
MM-0402,식사,태국,파타야,,태국 파타야 골프장 클럽하우스 식사 별도 비용인가요?,54,7,47,미제작,블로그,,,,
MM-0403,식사,태국,치앙마이,,태국 치앙마이 골프패키지 식사는 한식 나오나요?,56,13,43,미제작,블로그,,,,
MM-0404,식사,태국,치앙마이,,태국 치앙마이 현지식이 입에 안 맞으면 어떡하나요?,52,31,21,미제작,블로그,,,,
MM-0405,식사,태국,치앙마이,,태국 치앙마이 골프장 클럽하우스 식사 별도 비용인가요?,53,23,30,미제작,블로그,,,,
MM-0406,식사,,,,당뇨나 혈압 때문에 식단 조절 필요한데 현지식 괜찮을까요?,55,21,34,미제작,블로그,,,,
MM-0407,식사,,,,골프여행 중 한식당 따로 방문하는 일정 있나요?,53,20,33,미제작,블로그,,,,
MM-0408,후기,베트남,다낭,,베트남 다낭 골프투어 다녀온 사람들 후기 어때요?,93,62,31,완료,블로그+쇼츠,,,,
MM-0409,후기,베트남,다낭,,베트남 다낭 골프패키지 실제로 가보니 사진이랑 다르던가요?,88,19,69,미제작,블로그+쇼츠,,,,
MM-0410,후기,베트남,다낭,,베트남 다낭 골프장 코스관리 후기 좋은 곳 알려주세요.,91,11,80,미제작,블로그+쇼츠,,,,
MM-0411,후기,베트남,하노이,,베트남 하노이 골프투어 다녀온 사람들 후기 어때요?,83,22,61,미제작,블로그+쇼츠,,,,
MM-0412,후기,베트남,하노이,,베트남 하노이 골프패키지 실제로 가보니 사진이랑 다르던가요?,91,25,66,미제작,블로그+쇼츠,,,,
MM-0413,후기,베트남,하노이,,베트남 하노이 골프장 코스관리 후기 좋은 곳 알려주세요.,88,15,73,미제작,블로그+쇼츠,,,,
MM-0414,후기,베트남,호치민,,베트남 호치민 골프투어 다녀온 사람들 후기 어때요?,84,6,78,미제작,블로그+쇼츠,,,,
MM-0415,후기,베트남,호치민,,베트남 호치민 골프패키지 실제로 가보니 사진이랑 다르던가요?,87,13,74,미제작,블로그+쇼츠,,,,
MM-0416,후기,베트남,호치민,,베트남 호치민 골프장 코스관리 후기 좋은 곳 알려주세요.,87,17,70,미제작,블로그+쇼츠,,,,
MM-0417,후기,베트남,무이네,,베트남 무이네 골프투어 다녀온 사람들 후기 어때요?,85,7,78,미제작,블로그+쇼츠,,,,
MM-0418,후기,베트남,무이네,,베트남 무이네 골프패키지 실제로 가보니 사진이랑 다르던가요?,81,4,77,미제작,블로그+쇼츠,,,,
MM-0419,후기,베트남,무이네,,베트남 무이네 골프장 코스관리 후기 좋은 곳 알려주세요.,79,32,47,미제작,블로그+쇼츠,,,,
MM-0420,후기,베트남,달랏,,베트남 달랏 골프투어 다녀온 사람들 후기 어때요?,86,4,82,미제작,블로그+쇼츠,,,,
MM-0421,후기,베트남,달랏,,베트남 달랏 골프패키지 실제로 가보니 사진이랑 다르던가요?,83,8,75,미제작,블로그+쇼츠,,,,
MM-0422,후기,베트남,달랏,,베트남 달랏 골프장 코스관리 후기 좋은 곳 알려주세요.,86,25,61,미제작,블로그+쇼츠,,,,
MM-0423,후기,태국,방콕,,태국 방콕 골프투어 다녀온 사람들 후기 어때요?,92,18,74,미제작,블로그+쇼츠,,,,
MM-0424,후기,태국,방콕,,태국 방콕 골프패키지 실제로 가보니 사진이랑 다르던가요?,88,15,73,미제작,블로그+쇼츠,,,,
MM-0425,후기,태국,방콕,,태국 방콕 골프장 코스관리 후기 좋은 곳 알려주세요.,94,60,34,완료,블로그+쇼츠,,,,
MM-0426,후기,태국,파타야,,태국 파타야 골프투어 다녀온 사람들 후기 어때요?,83,16,67,미제작,블로그+쇼츠,,,,
MM-0427,후기,태국,파타야,,태국 파타야 골프패키지 실제로 가보니 사진이랑 다르던가요?,83,21,62,미제작,블로그+쇼츠,,,,
MM-0428,후기,태국,파타야,,태국 파타야 골프장 코스관리 후기 좋은 곳 알려주세요.,86,19,67,미제작,블로그+쇼츠,,,,
MM-0429,후기,태국,치앙마이,,태국 치앙마이 골프투어 다녀온 사람들 후기 어때요?,85,16,69,미제작,블로그+쇼츠,,,,
MM-0430,후기,태국,치앙마이,,태국 치앙마이 골프패키지 실제로 가보니 사진이랑 다르던가요?,85,2,83,미제작,블로그+쇼츠,,,,
MM-0431,후기,태국,치앙마이,,태국 치앙마이 골프장 코스관리 후기 좋은 곳 알려주세요.,82,6,76,미제작,블로그+쇼츠,,,,
MM-0432,후기,태국,후아힌,,태국 후아힌 골프투어 다녀온 사람들 후기 어때요?,86,28,58,미제작,블로그+쇼츠,,,,
MM-0433,후기,태국,후아힌,,태국 후아힌 골프패키지 실제로 가보니 사진이랑 다르던가요?,86,25,61,미제작,블로그+쇼츠,,,,
MM-0434,후기,태국,후아힌,,태국 후아힌 골프장 코스관리 후기 좋은 곳 알려주세요.,79,23,56,미제작,블로그+쇼츠,,,,
MM-0435,후기,필리핀,세부,,필리핀 세부 골프투어 다녀온 사람들 후기 어때요?,91,26,65,미제작,블로그+쇼츠,,,,
MM-0436,후기,필리핀,세부,,필리핀 세부 골프패키지 실제로 가보니 사진이랑 다르던가요?,93,34,59,미제작,블로그+쇼츠,,,,
MM-0437,후기,필리핀,세부,,필리핀 세부 골프장 코스관리 후기 좋은 곳 알려주세요.,95,27,68,미제작,블로그+쇼츠,,,,
MM-0438,후기,,,,60대 이상 골퍼들이 남긴 여행 후기 어디서 볼 수 있나요?,89,21,68,미제작,블로그+쇼츠,,,,
MM-0439,후기,,,,골프여행 후기 믿을만한 카페나 블로그 추천해주세요.,88,28,60,미제작,블로그+쇼츠,,,,
MM-0440,후기,,,,여행사 후기 조작인지 아닌지 어떻게 구별하나요?,89,9,80,미제작,블로그+쇼츠,,,,
MM-0441,여행사신뢰,베트남,다낭,,베트남 다낭 골프여행 전문 여행사 어디가 믿을만한가요?,80,2,78,미제작,블로그+쇼츠,,,,
MM-0442,여행사신뢰,베트남,하노이,,베트남 하노이 골프여행 전문 여행사 어디가 믿을만한가요?,73,83,-10,완료,블로그+쇼츠,,,,
MM-0443,여행사신뢰,베트남,호치민,,베트남 호치민 골프여행 전문 여행사 어디가 믿을만한가요?,76,1,75,미제작,블로그+쇼츠,,,,
MM-0444,여행사신뢰,베트남,무이네,,베트남 무이네 골프여행 전문 여행사 어디가 믿을만한가요?,77,31,46,미제작,블로그+쇼츠,,,,
MM-0445,여행사신뢰,베트남,달랏,,베트남 달랏 골프여행 전문 여행사 어디가 믿을만한가요?,71,7,64,미제작,블로그+쇼츠,,,,
MM-0446,여행사신뢰,태국,방콕,,태국 방콕 골프여행 전문 여행사 어디가 믿을만한가요?,78,8,70,미제작,블로그+쇼츠,,,,
MM-0447,여행사신뢰,,,,골프여행 여행사 사기 안 당하려면 뭘 확인해야 하나요?,79,4,75,미제작,블로그+쇼츠,,,,
MM-0448,여행사신뢰,,,,여행사 상품 계약 전에 어떤 서류를 요구해야 하나요?,79,1,78,미제작,블로그+쇼츠,,,,
MM-0449,여행사신뢰,,,,골프여행 예약금 환불 규정은 어떻게 확인하나요?,78,30,48,미제작,블로그+쇼츠,,,,
MM-0450,여행사신뢰,,,,여행사가 갑자기 폐업하면 예약금은 어떻게 되나요?,79,29,50,미제작,블로그+쇼츠,,,,
MM-0451,여행사신뢰,,,,공정거래위원회 등록된 골프여행사인지 확인하는 방법 있나요?,77,0,77,미제작,블로그+쇼츠,,,,
MM-0452,여행사신뢰,,,,여행사 없이 개인이 직접 골프패키지 예약해도 괜찮을까요?,77,22,55,미제작,블로그+쇼츠,,,,
MM-0453,안전,베트남,다낭,,베트남 다낭 골프여행 여행자보험 꼭 들어야 하나요?,75,13,62,미제작,블로그+쇼츠,,,,
MM-0454,안전,베트남,다낭,,베트남 다낭 치안은 안전한 편인가요?,76,25,51,미제작,블로그+쇼츠,,,,
MM-0455,안전,베트남,다낭,,베트남 다낭에서 갑자기 아프면 병원 이용 어떻게 하나요?,78,29,49,미제작,블로그+쇼츠,,,,
MM-0456,안전,베트남,하노이,,베트남 하노이 골프여행 여행자보험 꼭 들어야 하나요?,76,8,68,미제작,블로그+쇼츠,,,,
MM-0457,안전,베트남,하노이,,베트남 하노이 치안은 안전한 편인가요?,74,4,70,미제작,블로그+쇼츠,,,,
MM-0458,안전,베트남,하노이,,베트남 하노이에서 갑자기 아프면 병원 이용 어떻게 하나요?,77,16,61,미제작,블로그+쇼츠,,,,
MM-0459,안전,베트남,호치민,,베트남 호치민 골프여행 여행자보험 꼭 들어야 하나요?,74,66,8,완료,블로그+쇼츠,,,,
MM-0460,안전,베트남,호치민,,베트남 호치민 치안은 안전한 편인가요?,73,25,48,미제작,블로그+쇼츠,,,,
MM-0461,안전,베트남,호치민,,베트남 호치민에서 갑자기 아프면 병원 이용 어떻게 하나요?,74,15,59,미제작,블로그+쇼츠,,,,
MM-0462,안전,베트남,무이네,,베트남 무이네 골프여행 여행자보험 꼭 들어야 하나요?,70,0,70,미제작,블로그+쇼츠,,,,
MM-0463,안전,베트남,무이네,,베트남 무이네 치안은 안전한 편인가요?,74,13,61,미제작,블로그+쇼츠,,,,
MM-0464,안전,베트남,무이네,,베트남 무이네에서 갑자기 아프면 병원 이용 어떻게 하나요?,69,27,42,미제작,블로그+쇼츠,,,,
MM-0465,안전,베트남,달랏,,베트남 달랏 골프여행 여행자보험 꼭 들어야 하나요?,68,26,42,미제작,블로그+쇼츠,,,,
MM-0466,안전,베트남,달랏,,베트남 달랏 치안은 안전한 편인가요?,71,28,43,미제작,블로그+쇼츠,,,,
MM-0467,안전,베트남,달랏,,베트남 달랏에서 갑자기 아프면 병원 이용 어떻게 하나요?,71,19,52,미제작,블로그+쇼츠,,,,
MM-0468,안전,태국,방콕,,태국 방콕 골프여행 여행자보험 꼭 들어야 하나요?,79,13,66,미제작,블로그+쇼츠,,,,
MM-0469,안전,태국,방콕,,태국 방콕 치안은 안전한 편인가요?,78,30,48,미제작,블로그+쇼츠,,,,
MM-0470,안전,태국,방콕,,태국 방콕에서 갑자기 아프면 병원 이용 어떻게 하나요?,76,2,74,미제작,블로그+쇼츠,,,,
MM-0471,안전,태국,파타야,,태국 파타야 골프여행 여행자보험 꼭 들어야 하나요?,76,25,51,미제작,블로그+쇼츠,,,,
MM-0472,안전,태국,파타야,,태국 파타야 치안은 안전한 편인가요?,72,20,52,미제작,블로그+쇼츠,,,,
MM-0473,안전,태국,파타야,,태국 파타야에서 갑자기 아프면 병원 이용 어떻게 하나요?,77,21,56,미제작,블로그+쇼츠,,,,
MM-0474,안전,태국,치앙마이,,태국 치앙마이 골프여행 여행자보험 꼭 들어야 하나요?,69,7,62,미제작,블로그+쇼츠,,,,
MM-0475,안전,태국,치앙마이,,태국 치앙마이 치안은 안전한 편인가요?,69,31,38,미제작,블로그+쇼츠,,,,
MM-0476,안전,태국,치앙마이,,태국 치앙마이에서 갑자기 아프면 병원 이용 어떻게 하나요?,68,78,-10,완료,블로그+쇼츠,,,,
MM-0477,안전,베트남,다낭,40대,지병 있는 40대가 베트남 다낭 골프여행 가도 안전할까요?,80,4,76,미제작,블로그+쇼츠,,,,
MM-0478,안전,베트남,다낭,50대,지병 있는 50대가 베트남 다낭 골프여행 가도 안전할까요?,75,28,47,미제작,블로그+쇼츠,,,,
MM-0479,안전,베트남,다낭,60대,지병 있는 60대가 베트남 다낭 골프여행 가도 안전할까요?,81,3,78,미제작,블로그+쇼츠,,,,
MM-0480,안전,베트남,다낭,70대,지병 있는 70대가 베트남 다낭 골프여행 가도 안전할까요?,80,7,73,미제작,블로그+쇼츠,,,,
MM-0481,안전,베트남,하노이,40대,지병 있는 40대가 베트남 하노이 골프여행 가도 안전할까요?,76,14,62,미제작,블로그+쇼츠,,,,
MM-0482,안전,베트남,하노이,50대,지병 있는 50대가 베트남 하노이 골프여행 가도 안전할까요?,74,15,59,미제작,블로그+쇼츠,,,,
MM-0483,안전,베트남,하노이,60대,지병 있는 60대가 베트남 하노이 골프여행 가도 안전할까요?,78,8,70,미제작,블로그+쇼츠,,,,
MM-0484,안전,베트남,하노이,70대,지병 있는 70대가 베트남 하노이 골프여행 가도 안전할까요?,75,22,53,미제작,블로그+쇼츠,,,,
MM-0485,안전,베트남,호치민,40대,지병 있는 40대가 베트남 호치민 골프여행 가도 안전할까요?,71,30,41,미제작,블로그+쇼츠,,,,
MM-0486,안전,베트남,호치민,50대,지병 있는 50대가 베트남 호치민 골프여행 가도 안전할까요?,74,4,70,미제작,블로그+쇼츠,,,,
MM-0487,안전,베트남,호치민,60대,지병 있는 60대가 베트남 호치민 골프여행 가도 안전할까요?,77,17,60,미제작,블로그+쇼츠,,,,
MM-0488,안전,베트남,호치민,70대,지병 있는 70대가 베트남 호치민 골프여행 가도 안전할까요?,74,1,73,미제작,블로그+쇼츠,,,,
MM-0489,안전,베트남,무이네,40대,지병 있는 40대가 베트남 무이네 골프여행 가도 안전할까요?,67,13,54,미제작,블로그+쇼츠,,,,
MM-0490,안전,베트남,무이네,50대,지병 있는 50대가 베트남 무이네 골프여행 가도 안전할까요?,72,25,47,미제작,블로그+쇼츠,,,,
MM-0491,안전,베트남,무이네,60대,지병 있는 60대가 베트남 무이네 골프여행 가도 안전할까요?,71,27,44,미제작,블로그+쇼츠,,,,
MM-0492,안전,베트남,무이네,70대,지병 있는 70대가 베트남 무이네 골프여행 가도 안전할까요?,68,32,36,미제작,블로그+쇼츠,,,,
MM-0493,안전,베트남,다낭,40대,"혈압약, 당뇨약 챙겨서 베트남 다낭 골프여행 가도 되나요?",78,85,-7,완료,블로그+쇼츠,,,,
MM-0494,안전,베트남,하노이,40대,"혈압약, 당뇨약 챙겨서 베트남 하노이 골프여행 가도 되나요?",73,11,62,미제작,블로그+쇼츠,,,,
MM-0495,안전,베트남,호치민,40대,"혈압약, 당뇨약 챙겨서 베트남 호치민 골프여행 가도 되나요?",77,30,47,미제작,블로그+쇼츠,,,,
MM-0496,안전,베트남,무이네,40대,"혈압약, 당뇨약 챙겨서 베트남 무이네 골프여행 가도 되나요?",74,3,71,미제작,블로그+쇼츠,,,,
MM-0497,안전,,,,골프여행 중 낙상이나 부상 대비 어떻게 해야 하나요?,74,31,43,미제작,블로그+쇼츠,,,,
MM-0498,안전,,,,해외 골프여행 중 응급상황 발생하면 누구한테 연락하나요?,77,11,66,미제작,블로그+쇼츠,,,,
MM-0499,비교,베트남,다낭,,베트남 다낭 골프여행 다른 지역이랑 비교하면 어떤 장점 있나요?,94,8,86,미제작,블로그+쇼츠,,,,
MM-0500,비교,베트남,하노이,,베트남 하노이 골프여행 다른 지역이랑 비교하면 어떤 장점 있나요?,91,29,62,미제작,블로그+쇼츠,,,,
MM-0501,비교,베트남,호치민,,베트남 호치민 골프여행 다른 지역이랑 비교하면 어떤 장점 있나요?,93,9,84,미제작,블로그+쇼츠,,,,
MM-0502,비교,베트남,무이네,,베트남 무이네 골프여행 다른 지역이랑 비교하면 어떤 장점 있나요?,84,29,55,미제작,블로그+쇼츠,,,,
MM-0503,비교,베트남,달랏,,베트남 달랏 골프여행 다른 지역이랑 비교하면 어떤 장점 있나요?,86,14,72,미제작,블로그+쇼츠,,,,
MM-0504,비교,태국,방콕,,태국 방콕 골프여행 다른 지역이랑 비교하면 어떤 장점 있나요?,96,32,64,미제작,블로그+쇼츠,,,,
MM-0505,비교,,,,베트남과 태국 골프여행 중 어디가 더 나을까요?,88,12,76,미제작,블로그+쇼츠,,,,
MM-0506,비교,,,,패키지여행이랑 자유여행 골프투어 중 뭐가 나을까요?,92,15,77,미제작,블로그+쇼츠,,,,
MM-0507,비교,,,,동남아 골프여행 여행사 A사 B사 상품 차이가 뭔가요?,87,34,53,미제작,블로그+쇼츠,,,,
MM-0508,비교,,,,국내 골프여행이랑 해외 골프여행 가성비 비교해주세요.,92,33,59,미제작,블로그+쇼츠,,,,
MM-0509,비교,,,,저가 골프패키지랑 고급 골프패키지 실제로 뭐가 다른가요?,87,20,67,미제작,블로그+쇼츠,,,,
MM-0510,비교,,,,50대 60대 70대 골퍼별로 추천 여행지가 다른가요?,87,64,23,완료,블로그+쇼츠,,,,
MM-0511,구매,베트남,다낭,,베트남 다낭 골프패키지 지금 예약하면 얼마나 할인되나요?,86,16,70,미제작,블로그+쇼츠,,,,
MM-0512,구매,베트남,다낭,,베트남 다낭 골프여행 성수기 예약은 언제 마감되나요?,90,3,87,미제작,블로그+쇼츠,,,,
MM-0513,구매,베트남,하노이,,베트남 하노이 골프패키지 지금 예약하면 얼마나 할인되나요?,84,33,51,미제작,블로그+쇼츠,,,,
MM-0514,구매,베트남,하노이,,베트남 하노이 골프여행 성수기 예약은 언제 마감되나요?,88,14,74,미제작,블로그+쇼츠,,,,
MM-0515,구매,베트남,호치민,,베트남 호치민 골프패키지 지금 예약하면 얼마나 할인되나요?,86,7,79,미제작,블로그+쇼츠,,,,
MM-0516,구매,베트남,호치민,,베트남 호치민 골프여행 성수기 예약은 언제 마감되나요?,83,27,56,미제작,블로그+쇼츠,,,,
MM-0517,구매,베트남,무이네,,베트남 무이네 골프패키지 지금 예약하면 얼마나 할인되나요?,76,26,50,미제작,블로그+쇼츠,,,,
MM-0518,구매,베트남,무이네,,베트남 무이네 골프여행 성수기 예약은 언제 마감되나요?,79,14,65,미제작,블로그+쇼츠,,,,
MM-0519,구매,베트남,달랏,,베트남 달랏 골프패키지 지금 예약하면 얼마나 할인되나요?,77,25,52,미제작,블로그+쇼츠,,,,
MM-0520,구매,베트남,달랏,,베트남 달랏 골프여행 성수기 예약은 언제 마감되나요?,79,30,49,미제작,블로그+쇼츠,,,,
MM-0521,구매,태국,방콕,,태국 방콕 골프패키지 지금 예약하면 얼마나 할인되나요?,87,27,60,미제작,블로그+쇼츠,,,,
MM-0522,구매,태국,방콕,,태국 방콕 골프여행 성수기 예약은 언제 마감되나요?,85,31,54,미제작,블로그+쇼츠,,,,
MM-0523,구매,태국,파타야,,태국 파타야 골프패키지 지금 예약하면 얼마나 할인되나요?,86,8,78,미제작,블로그+쇼츠,,,,
MM-0524,구매,태국,파타야,,태국 파타야 골프여행 성수기 예약은 언제 마감되나요?,81,17,64,미제작,블로그+쇼츠,,,,
MM-0525,구매,태국,치앙마이,,태국 치앙마이 골프패키지 지금 예약하면 얼마나 할인되나요?,78,7,71,미제작,블로그+쇼츠,,,,
MM-0526,구매,태국,치앙마이,,태국 치앙마이 골프여행 성수기 예약은 언제 마감되나요?,77,27,50,미제작,블로그+쇼츠,,,,
MM-0527,구매,,,,골프여행 얼리버드 할인 언제부터 시작하나요?,80,67,13,완료,블로그+쇼츠,,,,
MM-0528,구매,,,,지인 소개하면 골프패키지 추가 할인 받을 수 있나요?,85,17,68,미제작,블로그+쇼츠,,,,
MM-0529,구매,,,,카카오톡 상담만으로 골프패키지 예약 확정되나요?,82,12,70,미제작,블로그+쇼츠,,,,
MM-0530,구매,,,,골프패키지 계약금은 보통 얼마를 걸어야 하나요?,80,21,59,미제작,블로그+쇼츠,,,,
MM-0531,구매,,,,네이버 카페 공동구매 골프패키지 믿고 사도 되나요?,80,12,68,미제작,블로그+쇼츠,,,,
